pattern,test_maps,exact_match_accuracy
Center,150,0.9933
Center+Edge_Loc,150,0.9933
Center+Edge_Loc+Loc,150,0.9867
Center+Edge_Loc+Loc+Scratch,150,0.9667
Center+Edge_Loc+Scratch,300,0.9867
Center+Edge_Ring,150,0.9933
Center+Edge_Ring+Loc,150,0.9933
Center+Edge_Ring+Loc+Scratch,150,0.9667
Center+Edge_Ring+Scratch,150,0.9800
Center+Loc,150,1.0000
Center+Loc+Scratch,150,0.9667
Center+Scratch,150,0.9933
Donut,150,1.0000
Donut+Edge_Loc,150,0.9867
Donut+Edge_Loc+Loc,150,0.9933
Donut+Edge_Loc+Loc+Scratch,150,0.9533
Donut+Edge_Loc+Scratch,150,0.9867
Donut+Edge_Ring,150,0.9933
Donut+Edge_Ring+Loc,150,0.9933
Donut+Edge_Ring+Loc+Scratch,150,0.9933
Donut+Edge_Ring+Scratch,150,0.9933
Donut+Loc,150,0.9667
Donut+Loc+Scratch,150,0.9667
Donut+Scratch,150,1.0000
Edge_Loc,150,0.9867
Edge_Loc+Loc,150,0.9933
Edge_Loc+Loc+Scratch,150,0.9333
Edge_Loc+Scratch,150,0.9800
Edge_Ring,150,0.9933
Edge_Ring+Loc,150,0.9867
Edge_Ring+Loc+Scratch,150,0.9667
Edge_Ring+Scratch,150,0.9867
Loc,150,0.9933
Loc+Scratch,150,1.0000
Near_Full,22,1.0000
Normal,150,1.0000
Random,129,0.9767
Scratch,150,1.0000
